name,avatar,title
Ana Karina Dourado Salina de Oliveira,http://www.facom.ufms.br/wp-content/uploads/2017/03/1074d475be4afb1e88b21f132d8fdfb7.jpg,0
Anderson Viçoso de Araujo,http://www.facom.ufms.br/wp-content/uploads/2017/08/anderson-foto.jpg,0
André Cavalcante Hora,http://www.facom.ufms.br/wp-content/uploads/2017/08/andre-foto.jpg,0
Bianca de Almeida Dantas,http://www.facom.ufms.br/wp-content/uploads/2017/03/1074d475be4afb1e88b21f132d8fdfb7.jpg,0
Brivaldo Alves da Silva Junior,http://www.facom.ufms.br/wp-content/uploads/2017/08/brivaldo-foto.jpg,0
Bruno Barbieri de Pontes Cafeo,http://www.facom.ufms.br/wp-content/uploads/2017/08/brunocafeo-foto.jpg,0
Bruno Magalhães Nogueira,http://www.facom.ufms.br/wp-content/uploads/2017/08/brunonogueira-foto.jpg,0
Carlos Alberto da Silva,http://www.facom.ufms.br/wp-content/uploads/2017/08/carlosalberto-foto.jpg,0
Carlos Henrique Aguena Higa,http://www.facom.ufms.br/wp-content/uploads/2017/08/higa-foto.jpg,0
Cláudio Leonardo Lucchesi (professor visitante),http://www.facom.ufms.br/wp-content/uploads/2017/03/claudio-lucchesi.jpg,0
Cristiano Costa Argemon Vieira,http://www.facom.ufms.br/wp-content/uploads/2017/08/cristiano-foto.jpg,0
Daniela Luiza Catelan Carneiro,http://www.facom.ufms.br/wp-content/uploads/2017/03/1074d475be4afb1e88b21f132d8fdfb7.jpg,0
Diego Padilha Rubert,http://www.facom.ufms.br/wp-content/uploads/2017/03/1074d475be4afb1e88b21f132d8fdfb7.jpg,0
Débora Maria Barroso Paiva,http://www.facom.ufms.br/wp-content/uploads/2017/08/debora-foto.jpg,0
Edna Ayako Hoshino,http://www.facom.ufms.br/wp-content/uploads/2017/08/edna-foto.jpg,0
Edson Norberto Caceres,http://www.facom.ufms.br/wp-content/uploads/2017/03/1074d475be4afb1e88b21f132d8fdfb7.jpg,0
Edson Takashi Matsubara,http://www.facom.ufms.br/wp-content/uploads/2017/08/takashi-foto.jpg,0
Eraldo Luís Rezende Fernandes,http://www.facom.ufms.br/wp-content/uploads/2017/08/eraldo-foto.jpg,0
Francisco Eloi Soares de Araujo,http://www.facom.ufms.br/wp-content/uploads/2017/08/eloi-foto.jpg,0
Fábio Henrique Viduani Martinez,http://www.facom.ufms.br/wp-content/uploads/2017/08/fabio-foto.jpg,0
Fábio Iaione,http://www.facom.ufms.br/wp-content/uploads/2017/08/fabioiaione-foto.jpg,0
Geraldo Barbosa Landre,http://www.facom.ufms.br/wp-content/uploads/2017/03/1074d475be4afb1e88b21f132d8fdfb7.jpg,0
Graziela Santos de Araújo,http://www.facom.ufms.br/wp-content/uploads/2017/03/1074d475be4afb1e88b21f132d8fdfb7.jpg,0
Hana Karina Salles Rubinsztejn,http://www.facom.ufms.br/wp-content/uploads/2017/08/hana-foto.jpg,0
Henrique Mongelli,http://www.facom.ufms.br/wp-content/uploads/2017/08/mongelli-foto.jpg,0
Hercules da Costa Sandim,http://www.facom.ufms.br/wp-content/uploads/2017/03/1074d475be4afb1e88b21f132d8fdfb7.jpg,0
Irineu Sotoma,http://www.facom.ufms.br/wp-content/uploads/2017/08/irineu-foto.jpg,0
Jane Dirce Alves Sandim Eleutério,http://www.facom.ufms.br/wp-content/uploads/2017/08/jane-foto.jpg,0
Jucele França de Alencar Vasconcellos,http://www.facom.ufms.br/wp-content/uploads/2017/08/jucele-foto.jpg,0
Liana Dessandre Duenha,http://www.facom.ufms.br/wp-content/uploads/2017/08/liana-foto.jpg,0
Luciana Montera Cheung,http://www.facom.ufms.br/wp-content/uploads/2017/08/luciana-foto.jpg,0
Luciano Gonda,http://www.facom.ufms.br/wp-content/uploads/2017/03/1074d475be4afb1e88b21f132d8fdfb7.jpg,0
Marcelo Augusto Santos Turine,http://www.facom.ufms.br/wp-content/uploads/2017/03/1074d475be4afb1e88b21f132d8fdfb7.jpg,0
Marcelo Henriques de Carvalho,http://www.facom.ufms.br/wp-content/uploads/2017/03/1074d475be4afb1e88b21f132d8fdfb7.jpg,0
Marcio Aparecido Inácio da Silva,http://www.facom.ufms.br/wp-content/uploads/2017/08/marcio-foto.jpg,0
Marco Aurélio Stefanes,http://www.facom.ufms.br/wp-content/uploads/2017/03/1074d475be4afb1e88b21f132d8fdfb7.jpg,0
Maria Istela Cagnin Machado,http://www.facom.ufms.br/wp-content/uploads/2017/08/mariaistela-foto.jpg,0
Milton Ernesto Romero Romero,http://www.facom.ufms.br/wp-content/uploads/2017/03/1074d475be4afb1e88b21f132d8fdfb7.jpg,0
Nahri Balesdent Moreano,http://www.facom.ufms.br/wp-content/uploads/2017/08/nahri-foto.jpg,0
Nalvo Franco de Almeida Junior,http://www.facom.ufms.br/wp-content/uploads/2017/03/nalvo.png,0
Patrícia Gomes Fernandes Matsubara,http://www.facom.ufms.br/wp-content/uploads/2017/08/patricia-foto.jpg,0
Paulo Aristarco Pagliosa,http://www.facom.ufms.br/wp-content/uploads/2017/08/pagliosa-foto.jpg,0
Renan Albuquerque Marks,http://www.facom.ufms.br/wp-content/uploads/2017/08/renan-foto.jpg,0
Renato Porfirio Ishii,http://www.facom.ufms.br/wp-content/uploads/2017/08/renatoishi-foto.jpg,0
Ricardo Ribeiro dos Santos,http://www.facom.ufms.br/wp-content/uploads/2017/03/1074d475be4afb1e88b21f132d8fdfb7.jpg,0
Rodrigo Funabashi Jorge,http://www.facom.ufms.br/wp-content/uploads/2017/03/1074d475be4afb1e88b21f132d8fdfb7.jpg,0
Ronaldo Alves Ferreira,http://www.facom.ufms.br/wp-content/uploads/2017/03/1074d475be4afb1e88b21f132d8fdfb7.jpg,0
Said Sadique Adi,http://www.facom.ufms.br/wp-content/uploads/2017/08/said-foto.jpg,0
Samuel Benjoino Ferraz,http://www.facom.ufms.br/wp-content/uploads/2017/08/samuel-foto.jpg,0
Vagner Pedrotti,http://www.facom.ufms.br/wp-content/uploads/2017/08/vagner-foto.jpg,0
Valéria Quadros dos Reis,http://www.facom.ufms.br/wp-content/uploads/2017/08/valeria-foto.jpg,0
Victor Leonardo Yoshimura,http://www.facom.ufms.br/wp-content/uploads/2017/03/1074d475be4afb1e88b21f132d8fdfb7.jpg,0
